,palavras,repeticoes
count,2896,2896.0
unique,2896,
top,vacina,
freq,1,
mean,,2.7330801104972378
std,,5.434129684864178
min,,1.0
25%,,1.0
50%,,1.0
75%,,3.0
max,,187.0
