estatisticas,resultados
amostras,3853.0
media,2.572800415260836
mediana,1.0
moda,128.0
desvio,4.816272108243433
variancia,23.19647702064365
cv,1.871996008580848
minimo,1.0
q1,1.0
q2,1.0
q3,2.0
maximo,128.0
iq,0.25
amplitude,127.0
