estatisticas,resultados
amostras,105.0
media,0.34285714285714286
mediana,0
moda,2021-05-19
desvio,0.9886721031123147
variancia,0.9774725274725274
cv,2.8836269674109176
minimo,0.0
q1,0.0
q2,0.0
q3,0.0
maximo,6.0
iq,0.0
amplitude,6.0
