,estatisticas,resultados
0,amostras,60.0
1,media,1.1666666666666667
2,mediana,1.0
3,moda,guiné-bissau
4,desvio,0.49288726206643313
5,variancia,0.24293785310734473
6,cv,0.42247479605694266
7,minimo,1.0
8,q1,1.0
9,q2,1.0
10,q3,1.0
11,maximo,4.0
12,iq,0.0
13,amplitude,3.0
